avg_test_loss,avg_test_acc,avg_test_precision,avg_test_recall,avg_test_f1
0.020404620195692287,0.9985714285714286,0.9985927505330491,0.9985714285714286,0.9984747583243824
