avg_test_loss,avg_test_acc,avg_test_precision,avg_test_recall,avg_test_f1
0.0581733515824908,0.9905714285714285,0.9932955495798016,0.9905714285714285,0.9909621064433487
