avg_test_loss,avg_test_acc,avg_test_precision,avg_test_recall,avg_test_f1
0.28624521451495183,0.9777142857142855,0.9824085728821046,0.9777142857142855,0.9790774032871722
